final,score,story,name,tail,imo,mmsi,flag,geartype,dep_port,n_pv,prior_30d,n_fish,n_fish_sep,gap_h,kn,km_calc,km_gfw,fish_start,vid,flag_calc,flag_gfw2
0.43889,0.9875,0.4444,KATE 2,KATE 2,8990419,366982430,USA,TRAWLERS,NEW BEDFORD,3,0,6,6,17.99,9.91,330.3,247.3,2023-09-09T10:29:34,db7e115f8-8ba1-037b-7876-d593a4d70f7c,TFCCTF{366982430_new bedford_09.09.2023_10:29_AM_330.3},TFCCTF{366982430_new bedford_09.09.2023_10:29_AM_247.3}
0.22525,1.13562,0.1983,M0115MURMANSK,RMANSK,8860200,273292400,RUS,TRAWLERS,MURMANSK,5,0,45,21,12.24,9.92,224.7,182.7,2023-09-18T07:34:44,80c948a55-524d-38f6-3e14-f6a9724357a9,TFCCTF{273292400_murmansk_18.09.2023_07:34_AM_224.7},TFCCTF{273292400_murmansk_18.09.2023_07:34_AM_182.7}
0.1925,0.9625,0.2,OSHIVELI,HIVELI,9839428,659033000,NAM,TRAWLERS,WALVIS BAY,3,0,82,28,21.94,10.35,420.5,100.2,2023-09-08T06:35:26,1ef654679-9b05-22ed-d9d6-a0028bd433d9,TFCCTF{659033000_walvis bay_08.09.2023_06:35_AM_420.5},TFCCTF{659033000_walvis bay_08.09.2023_06:35_AM_100.2}
0.12762,0.9875,0.1292,NIMB,NIMB,9100889,273212900,RUS,TRAWLERS,MURMANSK,7,1,6,3,6.48,10.12,121.5,90.4,2023-09-03T13:52:23,126afff89-9e18-a640-6b11-3d5060ff762c,TFCCTF{273212900_murmansk_03.09.2023_01:52_PM_121.5},TFCCTF{273212900_murmansk_03.09.2023_01:52_PM_90.4}
0.11975,1.00625,0.119,RIO MAU,IO MAU,9107980,242328400,MAR,TRAWLERS,TANGIER,5,0,108,43,4.83,10.99,98.3,95.9,2023-09-01T05:52:52,73046821e-e329-fb9f-7278-69051e0d0783,TFCCTF{242328400_tangier_01.09.2023_05:52_AM_98.3},TFCCTF{242328400_tangier_01.09.2023_05:52_AM_95.9}
0.08364,1.035,0.0808,ALFONSO RIERA CUARTO,CUARTO,8739932,224026860,ESP,TRAWLERS,DAKAR,5,0,90,69,19.63,9.2,334.6,171.1,2023-09-01T07:21:58,a054330ca-a2bd-7d39-14d8-3f381abda295,TFCCTF{224026860_dakar_01.09.2023_07:21_AM_334.6},TFCCTF{224026860_dakar_01.09.2023_07:21_AM_171.1}
0.05755,0.99187,0.058,F/V INTXORTA MENDI, MENDI,9264403,224139000,ESP,TRAWLERS,ONDARROA,11,0,61,61,13.48,8.94,223.2,70.7,2023-09-12T00:40:49,3d4583bc3-36fa-4383-dcdd-b0d91b85d4f3,TFCCTF{224139000_ondarroa_12.09.2023_12:40_AM_223.2},TFCCTF{224139000_ondarroa_12.09.2023_12:40_AM_70.7}
0.05128,1.0,0.0513,GIUSEPPE GAIA,E GAIA,7720312,247145250,ITA,TRAWLERS,MAZARA DEL VALLO,6,0,111,105,7.92,9.99,146.5,64.8,2023-09-18T04:52:24,e20de1731-1ed1-9244-8585-75ca38a6cdc7,TFCCTF{247145250_mazara del vallo_18.09.2023_04:52_AM_146.5},TFCCTF{247145250_mazara del vallo_18.09.2023_04:52_AM_64.8}
0.04492,0.95455,0.0471,KOMANDOR,MANDOR,9005285,273332830,RUS,TRAWLERS,MALOKURILSK,3,0,161,158,24.21,9.67,433.5,289.3,2023-09-13T08:13:00,f2c7d62ce-e21c-37b4-f523-436a17de65ab,TFCCTF{273332830_malokurilsk_13.09.2023_08:13_AM_433.5},TFCCTF{273332830_malokurilsk_13.09.2023_08:13_AM_289.3}
0.0425,1.0,0.0425,NUOVA ARETUSA,RETUSA,8688652,247147510,ITA,TRAWLERS,MAZARA DEL VALLO,5,0,142,142,19.93,10.01,369.6,93.9,2023-09-10T09:21:54,fde671ee2-2f83-9480-eda3-2e78ee250bc3,TFCCTF{247147510_mazara del vallo_10.09.2023_09:21_AM_369.6},TFCCTF{247147510_mazara del vallo_10.09.2023_09:21_AM_93.9}
0.03684,1.0,0.0368,ROSSYOKI,SSYOKI,8708373,273313560,RUS,TRAWLERS,RETINSKOE,12,1,43,26,15.73,10.01,291.4,236.4,2023-09-13T04:56:01,273a09c94-4be9-9978-6ffd-74f9b14638b3,TFCCTF{273313560_retinskoe_13.09.2023_04:56_AM_291.4},TFCCTF{273313560_retinskoe_13.09.2023_04:56_AM_236.4}
0.03432,1.035,0.0332,HUGINN,HUGINN,9211690,251139000,ISL,TRAWLERS,VESTMANNAEYJAR,14,1,53,26,23.49,10.84,471.7,90.7,2023-09-09T21:41:52,fd14c0490-0d11-e513-f0d5-138e3a8dc942,TFCCTF{251139000_vestmannaeyjar_09.09.2023_09:41_PM_471.7},TFCCTF{251139000_vestmannaeyjar_09.09.2023_09:41_PM_90.7}
0.033,0.9625,0.0343,SUENO REAL,O REAL,9004891,701007001,ARG,TRAWLERS,MAR DEL PLATA,19,0,88,72,5.14,10.33,98.4,90.8,2023-09-09T20:53:25,5d6e5ee82-2b76-0954-bc44-dd4ad14bc611,TFCCTF{701007001_mar del plata_09.09.2023_08:53_PM_98.4},TFCCTF{701007001_mar del plata_09.09.2023_08:53_PM_90.8}
0.03105,0.96341,0.0322,DESAFIO,ESAFIO,9013385,701006020,ARG,TRAWLERS,MAR DEL PLATA,17,1,33,22,24.64,9.9,451.7,295.5,2023-09-23T19:42:17,2f25ce93e-ea6f-cfb9-e414-b77ae43c838c,TFCCTF{701006020_mar del plata_23.09.2023_07:42_PM_451.7},TFCCTF{701006020_mar del plata_23.09.2023_07:42_PM_295.5}
0.02697,0.96312,0.028,SANTA LUNA M.,UNA M.,8466901,247103820,ITA,TRAWLERS,PORTO EMPEDOCLE,9,3,22,8,4.29,11.26,89.4,69.3,2023-09-09T03:50:57,4b5b610f5-55a1-de41-c66c-d4dc7bfa05b6,TFCCTF{247103820_porto empedocle_09.09.2023_03:50_AM_89.4},TFCCTF{247103820_porto empedocle_09.09.2023_03:50_AM_69.3}
0.02429,1.13562,0.0214,ZAMBEZI,AMBEZI,7325722,659245000,NAM,TRAWLERS,WALVIS BAY,13,2,28,19,6.41,10.09,119.9,125.0,2023-09-01T03:30:00,3bde07f86-662d-bc20-5b41-076d567e0fee,TFCCTF{659245000_walvis bay_01.09.2023_03:30_AM_119.9},TFCCTF{659245000_walvis bay_01.09.2023_03:30_AM_125.0}
0.02408,1.02062,0.0236,PRAIA DE RODEIRA,ODEIRA,9265330,224546000,ESP,TRAWLERS,CANSADO,6,1,77,77,11.75,9.14,199.0,123.7,2023-09-05T08:41:51,ae36a2e64-4845-ad9d-4a2c-fddfd563d92a,TFCCTF{224546000_cansado_05.09.2023_08:41_AM_199.0},TFCCTF{224546000_cansado_05.09.2023_08:41_AM_123.7}
0.02339,0.9875,0.0237,PRAIA DA MAROSA,MAROSA,8731813,663250000,SEN,TRAWLERS,DAKAR,8,1,113,64,11.13,9.89,203.9,115.1,2023-09-03T06:18:10,f5d810a8d-d406-64e0-fc57-8f2edbc0894c,TFCCTF{663250000_dakar_03.09.2023_06:18_AM_203.9},TFCCTF{663250000_dakar_03.09.2023_06:18_AM_115.1}
0.0216,0.9875,0.0219,EMERALD,MERALD,9913614,231872000,FRO,TRAWLERS,LEIRVIK,12,2,26,20,6.43,10.09,120.1,110.6,2023-09-12T19:21:01,fe1a40438-8ba7-897b-b0e3-de6dac70455c,TFCCTF{231872000_leirvik_12.09.2023_07:21_PM_120.1},TFCCTF{231872000_leirvik_12.09.2023_07:21_PM_110.6}
0.01934,0.9625,0.0201,OCEAN LEADER,LEADER,7613624,367478000,USA,TRAWLERS,ST PAUL,13,3,58,10,13.96,9.71,251.1,170.0,2023-09-01T14:54:08,94bdf3de6-6393-d38e-9d10-2c8686d9e407,TFCCTF{367478000_st paul_01.09.2023_02:54_PM_251.1},TFCCTF{367478000_st paul_01.09.2023_02:54_PM_170.0}
0.01544,1.0,0.0154,POLARHAV,LARHAV,9295804,231326000,FRO,TRAWLERS,KLAKSVIK,18,2,49,22,4.69,9.95,86.4,71.8,2023-09-02T02:46:47,8238d1b27-7d8f-6f67-7b8e-f27573930dee,TFCCTF{231326000_klaksvik_02.09.2023_02:46_AM_86.4},TFCCTF{231326000_klaksvik_02.09.2023_02:46_AM_71.8}
0.01321,0.975,0.0135,FISHER BANK,R BANK,7232688,659275000,NAM,TRAWLERS,WALVIS BAY,14,3,55,19,7.0,9.77,126.6,125.1,2023-09-01T04:27:43,e04691b47-73aa-3d8a-5261-b838d8bbba9a,TFCCTF{659275000_walvis bay_01.09.2023_04:27_AM_126.6},TFCCTF{659275000_walvis bay_01.09.2023_04:27_AM_125.1}
0.01294,0.9625,0.0134,NORTHERN DEFENDER,FENDER,7934250,366901360,USA,TRAWLERS,DUTCH HARBOR,19,5,17,3,6.56,9.71,117.8,74.6,2023-09-01T16:39:16,4ab33cc92-24de-bfc6-acb3-3ede61feb09e,TFCCTF{366901360_dutch harbor_01.09.2023_04:39_PM_117.8},TFCCTF{366901360_dutch harbor_01.09.2023_04:39_PM_74.6}
0.01244,0.9625,0.0129,OCEANIC,CEANIC,7910022,367038990,USA,TRAWLERS,ST PAUL,9,5,60,14,11.97,10.32,228.9,157.2,2023-09-01T13:20:06,91d520cb0-0500-ab1d-0311-a4157040593c,TFCCTF{367038990_st paul_01.09.2023_01:20_PM_228.9},TFCCTF{367038990_st paul_01.09.2023_01:20_PM_157.2}
0.01188,0.975,0.0122,SOPHIE Z39,IE Z39,9899624,205248000,BEL,TRAWLERS,CORK,16,2,37,35,10.77,9.76,194.7,58.8,2023-09-20T19:26:20,a516b5d6a-a62d-d519-92cf-e0cf16252ae1,TFCCTF{205248000_cork_20.09.2023_07:26_PM_194.7},TFCCTF{205248000_cork_20.09.2023_07:26_PM_58.8}
0.01092,0.9625,0.0113,ARBUMASA XV,ASA XV,8916413,701000708,ARG,TRAWLERS,PUERTO DESEADO,16,1,149,89,13.64,9.67,244.4,233.0,2023-09-08T19:44:26,03d12278a-a35b-ce50-918b-673e1bca4940,TFCCTF{701000708_puerto deseado_08.09.2023_07:44_PM_244.4},TFCCTF{701000708_puerto deseado_08.09.2023_07:44_PM_233.0}
0.01058,1.0925,0.0097,BAQUEIRO,QUEIRO,8733342,224324000,ESP,TRAWLERS,CASTLETOWN BEARHAVEN,11,3,63,39,9.32,9.55,164.8,176.8,2023-09-04T09:19:06,554cb8562-23c2-510a-0686-fd68d007a5c5,TFCCTF{224324000_castletown bearhaven_04.09.2023_09:19_AM_164.8},TFCCTF{224324000_castletown bearhaven_04.09.2023_09:19_AM_176.8}
0.01036,1.04937,0.0099,F/V JEAN TABOUREL,BOUREL,9871933,228364900,FRA,TRAWLERS,PORT-EN-BESSIN,17,3,42,25,8.8,10.66,173.7,54.9,2023-09-02T05:29:01,014b58794-4e2a-e45a-0823-9613fcef7650,TFCCTF{228364900_port-en-bessin_02.09.2023_05:29_AM_173.7},TFCCTF{228364900_port-en-bessin_02.09.2023_05:29_AM_54.9}
0.00919,1.10687,0.0083,F/V MAR MARES, MARES,9282651,228437700,FRA,TRAWLERS,DINGLE,17,4,32,21,11.24,10.3,214.4,73.8,2023-09-02T02:34:11,f133c20ce-e088-5e39-08be-661aad4559c9,TFCCTF{228437700_dingle_02.09.2023_02:34_AM_214.4},TFCCTF{228437700_dingle_02.09.2023_02:34_AM_73.8}
0.00871,1.06375,0.0082,KAPITAN BOGOMOLOV,OMOLOV,8607402,273528800,RUS,TRAWLERS,DAKHLA,11,1,254,169,7.41,10.57,144.9,149.8,2023-09-01T11:35:55,57871468a-a994-35af-afb7-b9a23d9ed3aa,TFCCTF{273528800_dakhla_01.09.2023_11:35_AM_144.9},TFCCTF{273528800_dakhla_01.09.2023_11:35_AM_149.8}
0.00799,1.07812,0.0074,UK246 CONCORDIA,CORDIA,9055034,246068000,NLD,TRAWLERS,HARLINGEN,21,2,68,51,7.31,10.52,142.4,57.5,2023-09-04T07:18:39,6687ad206-6057-26b6-cabd-a72e1649576c,TFCCTF{246068000_harlingen_04.09.2023_07:18_AM_142.4},TFCCTF{246068000_harlingen_04.09.2023_07:18_AM_57.5}
0.00776,0.975,0.008,GUIDING LIGHT H90,HT H90,9840025,232013783,GBR,TRAWLERS,PETERHEAD,27,6,7,4,12.15,10.15,228.5,79.6,2023-09-15T05:29:54,75b45a2a3-3df8-98a0-2536-0c3d731b2ff8,TFCCTF{232013783_peterhead_15.09.2023_05:29_AM_228.5},TFCCTF{232013783_peterhead_15.09.2023_05:29_AM_79.6}
0.00709,0.9875,0.0072,MDV1 IMMANUEL,MANUEL,9771573,244860048,NLD,TRAWLERS,BORKUM,20,3,54,33,14.13,9.87,258.2,63.0,2023-09-04T15:31:07,12c5ed095-5963-0c04-4c97-0308e2227c6d,TFCCTF{244860048_borkum_04.09.2023_03:31_PM_258.2},TFCCTF{244860048_borkum_04.09.2023_03:31_PM_63.0}
0.00688,1.0925,0.0063,ARGENOVA X,NOVA X,8702692,701000950,ARG,TRAWLERS,PUERTO DESEADO,14,2,136,88,10.93,9.57,193.8,181.6,2023-09-02T14:43:24,a665db779-9536-53d1-836d-0d1df7630434,TFCCTF{701000950_puerto deseado_02.09.2023_02:43_PM_193.8},TFCCTF{701000950_puerto deseado_02.09.2023_02:43_PM_181.6}
0.00614,0.975,0.0063,VERAZ,VERAZ,8717271,701000711,ARG,TRAWLERS,MAR DEL PLATA,14,4,46,38,20.51,9.84,373.9,143.1,2023-09-01T11:19:24,f0b83bee1-1c67-525e-00af-7945d3363f87,TFCCTF{701000711_mar del plata_01.09.2023_11:19_AM_373.9},TFCCTF{701000711_mar del plata_01.09.2023_11:19_AM_143.1}
0.00599,0.9625,0.0062,WIRON V,IRON V,8417364,659250000,NAM,TRAWLERS,WALVIS BAY,12,3,113,63,7.08,10.35,135.7,122.0,2023-09-02T00:00:04,1102611f4-49d8-788a-5b48-ecbadefbe92b,TFCCTF{659250000_walvis bay_02.09.2023_12:00_AM_135.7},TFCCTF{659250000_walvis bay_02.09.2023_12:00_AM_122.0}
0.00568,1.039,0.0055,DON AGUSTIN,GUSTIN,9072020,701000727,ARG,TRAWLERS,SAN ANTONIO ESTE,23,3,67,41,25.95,9.78,469.7,306.4,2023-09-09T15:51:51,f145c30f8-88be-9c7b-bb7c-c3579794c259,TFCCTF{701000727_san antonio este_09.09.2023_03:51_PM_469.7},TFCCTF{701000727_san antonio este_09.09.2023_03:51_PM_306.4}
0.00562,0.975,0.0058,BORIS ZAYTSEV,AYTSEV,9137478,273552400,RUS,TRAWLERS,RETINSKOE,21,3,78,42,12.58,9.8,228.4,184.6,2023-09-01T07:14:04,cf7341971-1337-b77b-4c28-a7c71586c5b5,TFCCTF{273552400_retinskoe_01.09.2023_07:14_AM_228.4},TFCCTF{273552400_retinskoe_01.09.2023_07:14_AM_184.6}
0.00557,0.975,0.0057,VICTORY,ICTORY,8555788,219421000,DNK,TRAWLERS,HVIDE SANDE,23,8,17,7,6.12,10.19,115.6,102.3,2023-09-01T10:10:54,bf7c1a86e-e0e2-9587-60b0-7321360a26d1,TFCCTF{219421000_hvide sande_01.09.2023_10:10_AM_115.6},TFCCTF{219421000_hvide sande_01.09.2023_10:10_AM_102.3}
0.00551,1.0,0.0055,NORTHERN JOY H225 FV,225 FV,9073866,232008947,GBR,TRAWLERS,HARLINGEN,20,4,51,32,8.8,10.02,163.3,83.8,2023-09-04T08:30:26,9bad1a237-7919-2150-50f8-842c1c47c3ea,TFCCTF{232008947_harlingen_04.09.2023_08:30_AM_163.3},TFCCTF{232008947_harlingen_04.09.2023_08:30_AM_83.8}
0.00535,1.035,0.0052,AURORA,AURORA,8101678,367729000,USA,TRAWLERS,DUTCH HARBOR,19,5,39,27,5.99,10.79,119.7,79.5,2023-09-01T02:08:10,158175fb6-6899-07da-656c-f1b691c902c8,TFCCTF{367729000_dutch harbor_01.09.2023_02:08_AM_119.7},TFCCTF{367729000_dutch harbor_01.09.2023_02:08_AM_79.5}
0.00532,0.975,0.0055,ST JEAN BAPTISTE,PTISTE,8712556,250003659,IRL,TRAWLERS,HOWTH,15,4,53,43,12.07,9.76,218.2,66.6,2023-09-04T12:01:04,b4f190f41-1426-25c7-992d-470a700efd4c,TFCCTF{250003659_howth_04.09.2023_12:01_PM_218.2},TFCCTF{250003659_howth_04.09.2023_12:01_PM_66.6}
0.00363,0.9625,0.0038,FV BILLYROWNEY PZ532, PZ532,7303188,232005850,GBR,TRAWLERS,MOUSEHOLE,19,3,108,77,5.32,10.31,101.6,60.1,2023-09-01T23:04:50,2035a5aa6-6858-6364-b403-c59eb82cbf76,TFCCTF{232005850_mousehole_01.09.2023_11:04_PM_101.6},TFCCTF{232005850_mousehole_01.09.2023_11:04_PM_60.1}
0.00333,0.9625,0.0035,MFV DEBORAH,EBORAH,8871766,205162000,BEL,TRAWLERS,THYBORON,21,3,95,78,6.91,10.31,132.0,125.6,2023-09-01T15:03:41,d8ef6bcc4-4a35-e37f-e90d-66fe318388ab,TFCCTF{205162000_thyboron_01.09.2023_03:03_PM_132.0},TFCCTF{205162000_thyboron_01.09.2023_03:03_PM_125.6}
0.00328,0.9625,0.0034,LINGBANK,NGBANK,9816804,219025976,DNK,TRAWLERS,HANSTHOLM,22,6,59,32,10.94,9.74,197.3,76.2,2023-09-02T08:40:50,62d956147-737a-70d8-cd63-491f8a0ac041,TFCCTF{219025976_hanstholm_02.09.2023_08:40_AM_197.3},TFCCTF{219025976_hanstholm_02.09.2023_08:40_AM_76.2}
0.00288,1.00625,0.0029,TOR-ON,TOR-ON,9840116,219030383,DNK,TRAWLERS,SKAGEN,16,4,127,88,20.82,9.05,348.8,60.6,2023-09-02T07:15:02,dc879375f-f872-d703-f785-181f2caeba5c,TFCCTF{219030383_skagen_02.09.2023_07:15_AM_348.8},TFCCTF{219030383_skagen_02.09.2023_07:15_AM_60.6}
0.0026,1.06375,0.0024,BJORGULFUR,GULFUR,9758210,251414000,ISL,TRAWLERS,DALVIK,20,4,125,87,7.23,9.4,125.9,52.8,2023-09-01T20:09:56,f61873125-50aa-a9fb-f68c-46f5d6439581,TFCCTF{251414000_dalvik_01.09.2023_08:09_PM_125.9},TFCCTF{251414000_dalvik_01.09.2023_08:09_PM_52.8}
0.0026,0.96312,0.0027,OD-6 ZELDENRUST,ENRUST,8619998,245794000,NLD,TRAWLERS,STELLENDAM,32,6,56,29,8.31,8.75,134.6,62.2,2023-09-04T07:25:58,81321128a-ab0f-f26c-cd58-325fe3802ddd,TFCCTF{245794000_stellendam_04.09.2023_07:25_AM_134.6},TFCCTF{245794000_stellendam_04.09.2023_07:25_AM_62.2}
0.00231,1.0,0.0023,TX14 GRIETJE,RIETJE,8432223,246014000,NLD,TRAWLERS,DEN HELDER,20,3,183,128,11.23,9.99,207.8,66.3,2023-09-05T23:59:01,6e3d914c4-4b85-f842-b0c3-b96105500507,TFCCTF{246014000_den helder_05.09.2023_11:59_PM_207.8},TFCCTF{246014000_den helder_05.09.2023_11:59_PM_66.3}
0.0023,0.975,0.0024,UK64 MATTANJA,TTANJA,8985165,245265000,NLD,TRAWLERS,HARLINGEN,23,4,109,80,6.88,10.15,129.4,54.5,2023-09-04T06:51:49,68afaee80-0667-62f9-6107-df90bb4e63c8,TFCCTF{245265000_harlingen_04.09.2023_06:51_AM_129.4},TFCCTF{245265000_harlingen_04.09.2023_06:51_AM_54.5}
0.00219,1.0925,0.002,F/V MARANATHA II,THA II,9199878,227138800,FRA,TRAWLERS,CHERBOURG,22,4,162,100,5.72,10.43,110.6,59.1,2023-09-02T05:15:40,9242b9777-7040-808e-06f5-4667634c6ac3,TFCCTF{227138800_cherbourg_02.09.2023_05:15_AM_110.6},TFCCTF{227138800_cherbourg_02.09.2023_05:15_AM_59.1}
0.00154,1.0925,0.0014,TAIMANIA,IMANIA,8803733,273356020,RUS,TRAWLERS,KRABOZAVODSK,38,5,98,69,9.42,9.6,167.4,72.6,2023-09-03T03:42:23,d133369a7-7f33-9889-9c9d-eb271c0630ad,TFCCTF{273356020_krabozavodsk_03.09.2023_03:42_AM_167.4},TFCCTF{273356020_krabozavodsk_03.09.2023_03:42_AM_72.6}
0.00151,0.9875,0.0015,HARVEST KROTOA,KROTOA,8709949,601512000,ZAF,TRAWLERS,SALDANHA BAY,25,5,121,94,4.77,9.91,87.4,86.8,2023-09-01T20:51:09,4da1fe675-5ec0-139d-ed51-1be43d70db98,TFCCTF{601512000_saldanha bay_01.09.2023_08:51_PM_87.4},TFCCTF{601512000_saldanha bay_01.09.2023_08:51_PM_86.8}
0.0014,1.06375,0.0013,GINNETON,NNETON,9150016,273451890,RUS,TRAWLERS,MALOKURILSK,37,6,101,62,8.53,10.58,167.2,63.9,2023-09-01T21:45:51,84f86cfb3-3246-c480-9f29-d71924581c35,TFCCTF{273451890_malokurilsk_01.09.2023_09:45_PM_167.2},TFCCTF{273451890_malokurilsk_01.09.2023_09:45_PM_63.9}
0.00138,0.99187,0.0014,KENNEDY,ENNEDY,6825490,266274000,SWE,TRAWLERS,FOTO,39,6,78,55,15.13,8.93,250.3,52.1,2023-09-04T06:37:27,9fead5bb4-4895-e2aa-1f9e-7dfab200bf46,TFCCTF{266274000_foto_04.09.2023_06:37_AM_250.3},TFCCTF{266274000_foto_04.09.2023_06:37_AM_52.1}
0.00127,1.035,0.0012,FRIOSUR IX,SUR IX,8011718,725000620,CHL,TRAWLERS,PUERTO CHACABUCO,30,4,131,131,11.87,10.81,237.7,81.5,2023-09-05T10:34:10,cfb70c275-5a92-613a-7d4e-fd635d9d4e38,TFCCTF{725000620_puerto chacabuco_05.09.2023_10:34_AM_237.7},TFCCTF{725000620_puerto chacabuco_05.09.2023_10:34_AM_81.5}
0.00123,1.0,0.0012,ARCTURUS,CTURUS,8315724,303159000,USA,TRAWLERS,DUTCH HARBOR,48,9,43,30,6.69,9.96,123.4,79.3,2023-09-01T12:36:01,dbd61222f-fcf1-a0b3-7d0f-5ac01ab1167c,TFCCTF{303159000_dutch harbor_01.09.2023_12:36_PM_123.4},TFCCTF{303159000_dutch harbor_01.09.2023_12:36_PM_79.3}
0.00058,0.975,0.0006,ASSAADI,SSAADI,7719923,242191100,MAR,TRAWLERS,DAKHLA,40,7,175,119,6.73,10.2,127.1,116.9,2023-09-01T05:01:25,2ccb0e4a5-51d0-150f-24aa-66c0c789136b,TFCCTF{242191100_dakhla_01.09.2023_05:01_AM_127.1},TFCCTF{242191100_dakhla_01.09.2023_05:01_AM_116.9}
0.00032,0.9625,0.0003,SJOVIK,SJOVIK,9826782,257058070,NOR,TRAWLERS,FLEKKEROY,74,12,110,68,4.63,9.72,83.3,59.4,2023-09-01T12:27:28,27ecb2e9e-ee66-af03-14bc-20e839ae6bea,TFCCTF{257058070_flekkeroy_01.09.2023_12:27_PM_83.3},TFCCTF{257058070_flekkeroy_01.09.2023_12:27_PM_59.4}
0.00025,0.95,0.0003,F/V JULIARTH 2,ARTH 2,9099597,228168900,FRA,TRAWLERS,LE GRAU DU ROI,86,20,69,40,4.62,10.41,89.0,61.8,2023-09-01T05:43:17,1f26621fe-ead1-8443-22e3-744833c02bf3,TFCCTF{228168900_le grau du roi_01.09.2023_05:43_AM_89.0},TFCCTF{228168900_le grau du roi_01.09.2023_05:43_AM_61.8}
