score,name,mmsi,flag,geartype,dep_port,n_pv,n_fish,n_fish_sep,single_prior,prior_30d,gap_h,kn,km_calc,km_gfw,agree,exact1dp,namelen,fish_start,rank,vid,flag_calc,err
0.8571,ZHELINGYU23751,412416249,CHN,TRAWLERS,TAIZHOU,1,83,83,yes,0,4.19,6.28,48.7,49.4,0.0155,no,14,2023-09-16T08:58:22,0.3553,959e4a692-244c-1a5a-c65b-2d333d44600c,TFCCTF{412416249_taizhou_16.09.2023_08:58_AM_48.7},
0.8571,YUEHUILAIYU43057,412466953,CHN,TRAWLERS,SHENQUAN,1,17,17,yes,0,4.37,6.34,51.4,53.4,0.0375,no,16,2023-09-06T04:40:08,0.2706,c0e5c7f8a-a5a8-cc9b-169a-a95b82f8a65a,TFCCTF{412466953_shenquan_06.09.2023_04:40_AM_51.4},
0.8571,JINHANYU 04852,412301003,CHN,TRAWLERS,RONGCHENG,1,1,1,yes,0,7.65,6.68,94.6,86.4,0.0869,no,13,2023-09-07T18:59:55,0.0656,bfc3a2e53-3d8c-299b-a31d-4cc74d3b122a,TFCCTF{412301003_rongcheng_07.09.2023_06:59_PM_94.6},
0.75,MYS MURAVJEVA,273892200,RUS,TRAWLERS,PETROPAVLOVSK,2,99,85,yes,0,5.07,10.48,98.5,94.5,0.0403,no,12,2023-09-28T20:32:05,0.5888,bf434a1b5-5195-f66e-131a-2f3e0a99ea8b,TFCCTF{273892200_petropavlovsk_28.09.2023_08:32_PM_98.5},
0.75,DONA ROSARIO,730153924,COL,TRAWLERS,BUENAVENTURA,2,54,53,yes,0,6.67,6.96,85.9,86.0,0.0006,no,11,2023-09-30T09:49:56,0.5581,4f3f1b78e-efb2-4029-0a43-bb19e9642bbd,TFCCTF{730153924_buenaventura_30.09.2023_09:49_AM_85.9},
0.75,LURONGYU55337,412325874,CHN,TRAWLERS,SHIDAO,2,47,47,yes,0,15.43,7.69,219.7,199.8,0.0903,no,13,2023-09-24T04:18:27,0.0697,5c7570ea9-9db7-2d08-8adf-8e51f0a557c3,TFCCTF{412325874_shidao_24.09.2023_04:18_AM_219.7},
0.75,LURONGYU58707,412328502,CHN,TRAWLERS,SHIDAO,2,37,37,yes,0,5.57,6.54,67.4,74.0,0.0898,no,13,2023-09-13T19:16:00,0.0484,04e4a79f5-506a-ddd2-d91e-40bcc1ee47cd,TFCCTF{412328502_shidao_13.09.2023_07:16_PM_67.4},
0.6667,YUEHUILAIYU43516,412466262,CHN,TRAWLERS,SHENQUAN,3,43,43,yes,0,5.47,6.2,62.8,60.9,0.0294,no,16,2023-09-06T06:02:37,0.2858,a93807855-5782-e925-1c4b-947135491051,TFCCTF{412466262_shenquan_06.09.2023_06:02_AM_62.8},
0.6667,LUCA MARIO,701042000,ARG,TRAWLERS,MAR DEL PLATA,3,125,125,yes,0,14.35,12.81,340.5,313.1,0.0804,no,9,2023-09-16T11:39:49,0.1194,a70e1cbba-a2eb-73c3-39a2-6635cad8f28d,TFCCTF{701042000_mar del plata_16.09.2023_11:39_AM_340.5},
0.5455,RIO MAU,242328400,MAR,TRAWLERS,TANGIER,5,108,43,yes,0,4.83,10.99,98.3,95.9,0.0245,no,6,2023-09-01T05:52:52,0.71,73046821e-e329-fb9f-7278-69051e0d0783,TFCCTF{242328400_tangier_01.09.2023_05:52_AM_98.3},
0.5455,CALVERT,316041841,CAN,TRAWLERS,ST JOHN'S,5,106,65,yes,0,9.38,12.39,215.2,207.5,0.0362,no,7,2023-09-07T01:15:15,0.4465,01ae3291b-b1fa-2e4b-f162-a84d87d5276e,TFCCTF{316041841_st john's_07.09.2023_01:15_AM_215.2},
0.5455,TAZIA 5,242051100,MAR,TRAWLERS,TANGIER,5,127,68,yes,0,4.25,9.39,73.8,78.6,0.0603,no,6,2023-09-01T04:46:10,0.3879,3ea51d566-60f2-94e3-4f83-63a3b7926f24,TFCCTF{242051100_tangier_01.09.2023_04:46_AM_73.8},
0.4394,ANABELLA M,701031000,ARG,TRAWLERS,PUERTO MADRYN,5,112,80,yes,0,29.79,6.55,361.2,331.7,0.0817,no,9,2023-09-01T11:11:45,0.0869,00d2d88d9-9c44-183e-9b47-ee82181a9aa7,TFCCTF{701031000_puerto madryn_01.09.2023_11:11_AM_361.2},
0.4209,KAPITAN BULATOV,273293480,RUS,TRAWLERS,BELLSUND ANCHORAGE,7,103,51,yes,0,26.32,7.98,389.0,360.3,0.0739,no,14,2023-09-05T18:42:53,0.2021,52d7c4082-20c3-e27f-b384-105441c80c74,TFCCTF{273293480_bellsund anchorage_05.09.2023_06:42_PM_389.0},
0.3585,DRYSDALE,512002241,NZL,TRAWLERS,BLUFF,5,13,12,yes,0,36.52,7.53,509.6,494.5,0.0296,no,8,2023-09-08T14:51:54,0.4815,25afafb42-2727-ace5-89f1-d037188dd77d,TFCCTF{512002241_bluff_08.09.2023_02:51_PM_509.6},
0.3529,EMPESUR 5,701006204,ARG,TRAWLERS,PUERTO DESEADO,11,79,49,yes,0,15.34,8.45,240.0,248.6,0.0345,no,8,2023-09-09T16:26:44,0.5635,c0b4d0901-1d14-1545-5558-8941331dd960,TFCCTF{701006204_puerto deseado_09.09.2023_04:26_PM_240.0},
0.2625,ZHEPUYU21105,412422638,CHN,TRAWLERS,NINGBO,2,47,12,no,1,4.02,7.29,54.3,53.7,0.0112,no,12,2023-09-03T12:46:01,0.5604,5faa96a0d-d430-7184-6cb7-79ccbe331f3e,TFCCTF{412422638_ningbo_03.09.2023_12:46_PM_54.3},
0.25,DUX,630123009,GNB,TRAWLERS,BISSAU,6,71,32,yes,0,8.94,10.29,170.3,170.9,0.0036,no,3,2023-09-02T11:10:31,0.9587,ddede9953-3f41-0464-60f7-dd305ee6621a,TFCCTF{630123009_bissau_02.09.2023_11:10_AM_170.3},
0.24,SUENO REAL,701007001,ARG,TRAWLERS,MAR DEL PLATA,19,88,72,yes,0,5.14,10.33,98.4,90.8,0.0771,no,9,2023-09-09T20:53:25,0.2276,5d6e5ee82-2b76-0954-bc44-dd4ad14bc611,TFCCTF{701007001_mar del plata_09.09.2023_08:53_PM_98.4},
0.2308,51788,416956739,TWN,TRAWLERS,SHIDAO,7,55,55,yes,0,6.21,7.22,83.0,78.8,0.0507,no,5,2023-09-01T14:01:31,0.3042,f118a3d09-9a2f-fad9-99fd-2785df33e65f,TFCCTF{416956739_shidao_01.09.2023_02:01_PM_83.0},
0.21,YUEHUILAIYU43428,412466888,CHN,TRAWLERS,SHENQUAN,4,63,46,no,1,4.21,9.08,70.7,70.9,0.003,no,16,2023-09-06T04:14:53,0.9197,dd74e6148-83f1-bb54-5dc4-9f1150278ed2,TFCCTF{412466888_shenquan_06.09.2023_04:14_AM_70.7},
0.21,GUIHEYU32288,412502736,CHN,TRAWLERS,YANGJIANG,4,21,18,no,1,5.87,10.35,112.6,104.5,0.0715,no,12,2023-09-05T11:06:18,0.2827,47a96b308-8691-cf2c-6521-df3f7f37563c,TFCCTF{412502736_yangjiang_05.09.2023_11:06_AM_112.6},
0.21,YUEHUILAIYU43188,412466518,CHN,TRAWLERS,SHENQUAN,4,62,41,no,1,4.97,6.26,57.6,54.5,0.0544,no,16,2023-09-05T18:23:02,0.1901,cd2d97421-1d2e-ba6f-b6eb-3f0864a8fc25,TFCCTF{412466518_shenquan_05.09.2023_06:23_PM_57.6},
0.21,GUIBEIYU82066,412502316,CHN,TRAWLERS,YANGJIANG,4,37,24,no,1,16.61,6.11,187.8,172.5,0.0815,no,13,2023-09-05T08:03:28,0.0716,479284e9a-a275-590a-9ddd-533c1f2ae765,TFCCTF{412502316_yangjiang_05.09.2023_08:03_AM_187.8},
0.1909,TOUAJIL,654045600,MRT,TRAWLERS,CANSADO,5,42,19,no,1,12.45,6.78,156.3,157.4,0.0068,no,7,2023-09-09T07:09:37,0.4876,4fcfbeb99-92d9-155a-d1e4-4ebce24dc5f8,TFCCTF{654045600_cansado_09.09.2023_07:09_AM_156.3},
0.1909,YUEHUILAIYU43459,412466278,CHN,TRAWLERS,SHENQUAN,5,44,31,no,1,4.12,7.77,59.2,56.9,0.0384,no,16,2023-09-06T05:42:06,0.4513,749e033e5-5418-562a-0e95-0c703fe8a03e,TFCCTF{412466278_shenquan_06.09.2023_05:42_AM_59.2},
0.1909,ZHEPUYU19111,412423264,CHN,TRAWLERS,NINGBO,5,85,53,no,1,19.0,8.5,299.1,281.7,0.0583,no,12,2023-09-04T23:53:46,0.362,97aeef06d-dc18-cd0e-eb02-85dfd3a810b7,TFCCTF{412423264_ningbo_04.09.2023_11:53_PM_299.1},
0.175,NINO MARTINS III,710280520,BRA,TRAWLERS,ITAJAI,6,30,30,no,1,4.94,6.57,60.2,61.3,0.0192,no,14,2023-09-09T00:01:38,0.3872,ba7f315c3-3c1d-4e44-29ac-baf2084f97ee,TFCCTF{710280520_itajai_09.09.2023_12:01_AM_60.2},
0.175,PARADANTA PRIMERO,224378000,ESP,TRAWLERS,STANLEY,6,78,36,no,1,17.54,7.11,230.9,213.5,0.0755,no,16,2023-09-04T12:06:10,0.1453,6f912b524-426d-e3b4-5ba0-8922681021f8,TFCCTF{224378000_stanley_04.09.2023_12:06_PM_230.9},
0.1615,ALPHA PECHE-1,654005800,MRT,TRAWLERS,CANSADO,7,26,21,no,1,5.59,9.51,98.5,99.2,0.0075,no,12,2023-09-05T05:54:34,0.911,4d8bd2c0c-c5dd-4420-0434-f224813f9c6d,TFCCTF{654005800_cansado_05.09.2023_05:54_AM_98.5},
0.1615,BACALAM,630124008,GNB,TRAWLERS,BISSAU,7,41,20,no,1,10.15,8.67,162.9,168.6,0.0334,no,7,2023-09-01T02:12:50,0.5958,1ea684eb3-34e7-885e-a813-29bcbce1f753,TFCCTF{630124008_bissau_01.09.2023_02:12_AM_162.9},
0.1615,YUEXINHUIYU01239,412462907,CHN,TRAWLERS,ZHUHAI,7,48,45,no,1,8.09,9.17,137.4,131.1,0.0463,no,16,2023-09-04T19:08:16,0.5141,bf83c075d-d6fc-4c77-a17e-48dc7016eeed,TFCCTF{412462907_zhuhai_04.09.2023_07:08_PM_137.4},
0.1615,KALYGIR,273861000,RUS,TRAWLERS,MAGADAN,7,119,74,no,1,9.96,6.05,111.6,107.2,0.0397,no,7,2023-09-01T00:32:09,0.2273,7f9b3b274-4133-0a37-b84d-3dbee7beb8a4,TFCCTF{273861000_magadan_01.09.2023_12:32_AM_111.6},
0.15,DORADO,630123008,GNB,TRAWLERS,BANJUL,8,115,108,no,1,5.65,7.25,75.9,77.8,0.0236,no,6,2023-09-26T17:42:51,0.4768,9f385c9f2-2c79-03a5-d112-814e9b8bc733,TFCCTF{630123008_banjul_26.09.2023_05:42_PM_75.9},
0.1312,ATLANTIC ORION,312833000,BLZ,TRAWLERS,CANSADO,10,392,283,no,1,7.52,7.14,99.6,101.8,0.0222,no,13,2023-09-03T00:30:12,0.4672,a06fb787c-cbbf-afae-504c-96ea92d49e57,TFCCTF{312833000_cansado_03.09.2023_12:30_AM_99.6},
0.1312,KMKA VOYAGER I,316033841,CAN,TRAWLERS,PUBNICO,10,27,21,no,1,11.37,7.64,160.9,152.1,0.0547,no,12,2023-09-29T13:17:00,0.3198,2e1dc651a-a209-0c63-1476-e2ae91345d29,TFCCTF{316033841_pubnico_29.09.2023_01:17_PM_160.9},
0.1235,KAPITAN BOGOMOLOV,273528800,RUS,TRAWLERS,DAKHLA,11,254,169,no,1,7.41,10.57,144.9,149.8,0.0324,no,16,2023-09-01T11:35:55,0.663,57871468a-a994-35af-afb7-b9a23d9ed3aa,TFCCTF{273528800_dakhla_01.09.2023_11:35_AM_144.9},
0.1235,ARGENOVA IX,701000949,ARG,TRAWLERS,PUERTO DESEADO,11,131,81,no,1,16.42,7.77,236.3,234.0,0.0096,no,10,2023-09-03T03:27:42,0.6628,3fae377de-eae4-560c-1b54-973d59034c93,TFCCTF{701000949_puerto deseado_03.09.2023_03:27_AM_236.3},
0.1235,YUEXINHUIYU01236,412467374,CHN,TRAWLERS,ZHUHAI,11,52,38,no,1,8.04,8.56,127.5,131.7,0.0317,no,16,2023-09-04T22:37:20,0.5995,613eaf567-745a-1094-7706-d183ab26306e,TFCCTF{412467374_zhuhai_04.09.2023_10:37_PM_127.5},
0.1235,MFV LAVERNE,601974000,ZAF,TRAWLERS,CAPE TOWN,11,136,103,no,1,6.62,6.26,76.8,71.8,0.0641,no,10,2023-09-05T01:53:28,0.1496,5bd18e9f5-5d60-529e-bfd2-36df3e08571b,TFCCTF{601974000_cape town_05.09.2023_01:53_AM_76.8},
0.1167,ARGENOVA 25,701006471,ARG,TRAWLERS,PUERTO DESEADO,12,149,85,no,1,12.41,8.5,195.3,194.1,0.0063,no,10,2023-09-02T15:37:06,0.8144,7651e8410-0fb1-0f16-2a14-0e22689c3452,TFCCTF{701006471_puerto deseado_02.09.2023_03:37_PM_195.3},
0.1167,YUEHUILAIYU43546,412466868,CHN,TRAWLERS,SHENQUAN,3,38,19,no,2,4.09,8.17,61.9,59.0,0.0476,no,16,2023-09-05T18:25:39,0.4253,cac116212-2bdb-6862-5921-c2d2e5b00ffa,TFCCTF{412466868_shenquan_05.09.2023_06:25_PM_61.9},
0.1167,MRTK-1129,273454540,RUS,TRAWLERS,MURMANSK,12,18,11,no,1,19.55,8.54,309.0,286.3,0.0735,no,9,2023-09-09T04:12:06,0.2314,4772a67b7-74de-85a2-ab87-2ec342fa9274,TFCCTF{273454540_murmansk_09.09.2023_04:12_AM_309.0},
0.1167,96888,413896888,CHN,TRAWLERS,YANGJIANG,3,49,35,no,1,8.07,6.68,99.8,94.0,0.0578,no,5,2023-09-04T15:06:56,0.2117,43679dc70-0992-34df-f921-f27364752e8b,TFCCTF{413896888_yangjiang_04.09.2023_03:06_PM_99.8},
0.1167,123,419999968,IND,TRAWLERS,YANGJIANG,3,51,36,no,1,15.89,6.23,183.2,167.5,0.0862,no,3,2023-09-05T08:01:16,0.0569,1bb64096a-a8f9-52ee-581e-4327b44a786f,TFCCTF{419999968_yangjiang_05.09.2023_08:01_AM_183.2},
0.1167,010,810810888,,TRAWLERS,YANGJIANG,3,30,23,no,1,10.6,6.03,118.3,107.4,0.0927,no,3,2023-09-06T10:22:40,0.0273,7bd06e4ad-d988-81ae-79b5-623e7cf26684,TFCCTF{810810888_yangjiang_06.09.2023_10:22_AM_118.3},
0.1105,COSTA NEVES II CN,710462738,BRA,TRAWLERS,RIO GRANDE,13,82,48,no,1,11.93,7.4,163.5,149.2,0.0874,no,14,2023-09-01T08:22:15,0.0826,ecca3b54c-cf93-8f4d-2f11-75bdad07b309,TFCCTF{710462738_rio grande_01.09.2023_08:22_AM_163.5},
0.105,ARGENOVA II,701000546,ARG,TRAWLERS,PUERTO DESEADO,14,148,88,no,1,16.51,8.44,258.1,247.4,0.0412,no,10,2023-09-04T06:13:20,0.5046,414df2e9f-f0ff-4fe6-6d10-dc84b522d937,TFCCTF{701000546_puerto deseado_04.09.2023_06:13_AM_258.1},
0.0955,ARBUMASA XV,701000708,ARG,TRAWLERS,PUERTO DESEADO,16,149,89,no,1,13.64,9.67,244.4,233.0,0.0465,no,10,2023-09-08T19:44:26,0.5319,03d12278a-a35b-ce50-918b-673e1bca4940,TFCCTF{701000708_puerto deseado_08.09.2023_07:44_PM_244.4},
0.0955,ZHEPUYU12887,412411283,CHN,TRAWLERS,NINGBO,5,102,76,no,2,5.63,6.32,65.9,65.2,0.0104,no,12,2023-09-04T12:34:38,0.3837,efe76c3f0-0df5-7baf-bf1b-3a4811336888,TFCCTF{412411283_ningbo_04.09.2023_12:34_PM_65.9},
0.0955,YUEHUILAIYU43043,412466437,CHN,TRAWLERS,SHENQUAN,5,52,33,no,2,4.49,8.2,68.2,64.1,0.0595,no,16,2023-09-06T05:11:28,0.3305,a512fa93d-d446-c45e-5cf2-66595ab6304a,TFCCTF{412466437_shenquan_06.09.2023_05:11_AM_68.2},
0.0955,ZHUWAN3991,412529248,CHN,TRAWLERS,HONGKONG,5,69,53,no,2,8.9,6.75,111.2,105.9,0.0482,no,10,2023-09-04T21:05:12,0.2675,d1ebb2123-343c-c172-be61-dca3b7391f1d,TFCCTF{412529248_hongkong_04.09.2023_09:05_PM_111.2},
0.0955,YUEHUILAIYU43100,412466244,CHN,TRAWLERS,SHENQUAN,5,69,52,no,2,4.98,6.28,58.0,52.8,0.0896,no,16,2023-09-05T18:21:56,0.0439,ddedb32d8-8365-4bf5-e687-25c717149a9b,TFCCTF{412466244_shenquan_05.09.2023_06:21_PM_58.0},
0.0955,YUEHUILAIYU43439,412466307,CHN,TRAWLERS,SHENQUAN,5,56,37,no,2,5.78,6.79,72.7,65.7,0.0967,no,16,2023-09-06T06:11:04,0.0175,229ae9e3e-eb4f-f62a-ed0a-d26ee754fb36,TFCCTF{412466307_shenquan_06.09.2023_06:11_AM_72.7},
0.0913,MARIA GRACIA,701000725,ARG,TRAWLERS,MAR DEL PLATA,17,63,53,no,1,5.9,7.14,78.0,84.3,0.0747,no,11,2023-09-03T19:57:39,0.1521,32d7c7afc-c4e1-28a4-f10a-3a517a2828b1,TFCCTF{701000725_mar del plata_03.09.2023_07:57_PM_78.0},
0.0875,CARAPAU1,659424000,NAM,TRAWLERS,WALVIS BAY,6,1,1,no,2,10.3,7.05,134.4,128.8,0.0422,no,8,2023-09-30T06:31:01,0.3356,b37ff6f7d-df54-28f9-c352-354822bc9327,TFCCTF{659424000_walvis bay_30.09.2023_06:31_AM_134.4},
0.0875,YUEHUILAIYU43550,412466272,CHN,TRAWLERS,SHENQUAN,6,68,43,no,2,6.16,6.41,73.1,70.0,0.0424,no,16,2023-09-06T06:09:41,0.2575,6f56f997e-ec17-7fe7-5633-70690d641326,TFCCTF{412466272_shenquan_06.09.2023_06:09_AM_73.1},
0.0875,ZHEPUYU64349,412423317,CHN,TRAWLERS,NINGBO,6,82,49,no,2,5.96,6.61,73.0,68.3,0.0643,no,12,2023-09-04T12:50:28,0.1744,a436f0ee2-2677-5c13-6fd7-b41614612c2c,TFCCTF{412423317_ningbo_04.09.2023_12:50_PM_73.0},
0.0875,ZHU XIANG 1768,412468425,CHN,TRAWLERS,HONGKONG,6,52,40,no,2,10.31,6.06,115.7,105.9,0.0851,no,12,2023-09-04T22:34:59,0.0567,c5e4e2abf-fb5d-9526-fa91-f149d8dee041,TFCCTF{412468425_hongkong_04.09.2023_10:34_PM_115.7},
0.0875,YUEHUILAIYU43492,412466416,CHN,TRAWLERS,SHENQUAN,6,53,31,no,2,4.41,7.6,62.1,55.9,0.099,no,16,2023-09-05T18:14:33,0.007,8f41f788b-b35d-9bb8-1f1d-ed1d42327d7e,TFCCTF{412466416_shenquan_05.09.2023_06:14_PM_62.1},
0.084,EXECUTIONER,316031783,CAN,TRAWLERS,ST JOHN'S,19,71,27,no,1,19.26,7.94,283.2,282.3,0.0032,no,11,2023-09-25T13:16:14,0.7422,ee758e369-9482-9f54-0f6e-0f000204a974,TFCCTF{316031783_st john's_25.09.2023_01:16_PM_283.2},
0.0808,YUEHUILAIYU43585,412466475,CHN,TRAWLERS,SHENQUAN,7,57,38,no,2,4.92,6.4,58.3,58.4,0.0003,no,16,2023-09-06T04:58:13,0.4446,03e6b5def-f698-6132-cf5f-a16df3cf0ff8,TFCCTF{412466475_shenquan_06.09.2023_04:58_AM_58.3},
0.0808,YUEHUILAIYU43152,412466349,CHN,TRAWLERS,SHENQUAN,7,64,46,no,2,4.55,7.16,60.3,58.5,0.0295,no,16,2023-09-06T04:53:33,0.4259,6cf6d5a63-35be-b762-3111-4025782f811c,TFCCTF{412466349_shenquan_06.09.2023_04:53_AM_60.3},
0.075,YUEHUILAIYU43036,412466464,CHN,TRAWLERS,SHENQUAN,8,54,38,no,2,4.22,6.6,51.6,51.8,0.0044,no,16,2023-09-06T05:08:11,0.4634,56fc3274b-b851-e371-67e4-838307a62ec0,TFCCTF{412466464_shenquan_06.09.2023_05:08_AM_51.6},
0.075,YUEHUILAIYU43715,412466446,CHN,TRAWLERS,SHENQUAN,8,42,24,no,2,5.86,6.95,75.4,72.4,0.0406,no,16,2023-09-16T14:26:57,0.332,8b233068f-f51d-45f4-704d-b14ff1b8daf7,TFCCTF{412466446_shenquan_16.09.2023_02:26_PM_75.4},
0.075,YUEHUILAIYU41346,412466645,CHN,TRAWLERS,SHENQUAN,8,85,62,no,2,4.92,6.9,63.0,57.2,0.0916,no,16,2023-09-05T17:54:07,0.046,3bef4cb34-4ddd-e2c3-b7fc-90972291bace,TFCCTF{412466645_shenquan_05.09.2023_05:54_PM_63.0},
0.07,YUEJIANGCHENGYU90691,412483686,CHN,TRAWLERS,YANGJIANG,9,10,8,no,2,5.06,9.09,85.2,79.9,0.0618,no,20,2023-09-09T21:05:40,0.3625,36c7a490a-a159-56fc-f347-068cd26bffce,TFCCTF{412483686_yangjiang_09.09.2023_09:05_PM_85.2},
0.07,YUEXINHUIYU02162,412462593,CHN,TRAWLERS,ZHUHAI,9,34,24,no,2,5.64,9.57,99.9,90.3,0.0958,no,16,2023-09-04T22:43:14,0.0411,5a9ec7f3c-c295-62c2-9d6d-b956590494be,TFCCTF{412462593_zhuhai_04.09.2023_10:43_PM_99.9},
0.0656,RI CHUN NO.168,416001995,TWN,TRAWLERS,KEELUNG,10,9,7,no,2,5.19,8.95,86.0,79.1,0.0811,no,12,2023-09-06T07:32:13,0.176,e5b40643e-ec50-899e-c3bf-2c0f0717bcf4,TFCCTF{416001995_keelung_06.09.2023_07:32_AM_86.0},
0.0656,GUIBEIYU88062,412502368,CHN,TRAWLERS,ZHUHAI,10,22,18,no,2,4.78,11.6,102.8,112.9,0.0892,no,13,2023-09-04T10:58:42,0.0917,d04f42002-248a-b583-a30c-adca81f36fac,TFCCTF{412502368_zhuhai_04.09.2023_10:58_AM_102.8},
0.0636,JUPITER,701000924,ARG,TRAWLERS,MAR DEL PLATA,27,57,42,no,1,6.98,9.03,116.7,112.0,0.0408,no,7,2023-09-08T21:31:26,0.5581,e522cd611-1c79-bca2-3e04-c1cdb57e662a,TFCCTF{701000924_mar del plata_08.09.2023_09:31_PM_116.7},
0.0618,BLAENGUR,251063000,ISL,TRAWLERS,NESKAUPSTADUR,11,226,160,no,2,5.32,11.24,110.8,112.2,0.0119,no,8,2023-09-02T03:29:14,0.8,0a99c941d-dfcc-be43-c589-e1070728b268,TFCCTF{251063000_neskaupstadur_02.09.2023_03:29_AM_110.8},
0.0594,F.V. OCEAN PIONEER,512392000,NZL,TRAWLERS,BLUFF,16,101,98,no,1,38.59,7.03,502.7,491.1,0.0231,no,16,2023-09-01T20:04:26,0.4435,41a98a2e0-0fbb-3d26-4b71-6d4266443a82,TFCCTF{512392000_bluff_01.09.2023_08:04_PM_502.7},
0.0583,EHANGA BAY,659398000,NAM,TRAWLERS,WALVIS BAY,12,102,54,no,2,9.67,9.37,167.9,164.7,0.0187,no,9,2023-09-04T01:34:05,0.7937,b8197090b-b53f-05ca-d890-9a8bfcd6af18,TFCCTF{659398000_walvis bay_04.09.2023_01:34_AM_167.9},
0.0583,YUEHUILAIYU43503,412466487,CHN,TRAWLERS,SHENQUAN,6,52,37,no,3,4.22,8.19,64.0,61.2,0.0436,no,16,2023-09-06T04:42:21,0.4598,4f053242b-b82b-a434-0844-2521f3be9e8f,TFCCTF{412466487_shenquan_06.09.2023_04:42_AM_64.0},
0.0583,KAPA,273291820,RUS,TRAWLERS,MURMANSK,12,14,9,no,1,21.76,8.23,331.7,308.4,0.0702,no,4,2023-09-16T22:00:45,0.245,5bdd133ca-a1a2-d1a4-bf38-bcdacc1c85b7,TFCCTF{273291820_murmansk_16.09.2023_10:00_PM_331.7},
0.0583,SIR ELDON,316002570,CAN,TRAWLERS,MAKKOVIK,12,38,12,no,2,7.97,6.4,94.5,89.6,0.0518,no,8,2023-09-02T06:54:19,0.2149,a85ba1411-1cb2-7e45-2bef-ba7a4373589c,TFCCTF{316002570_makkovik_02.09.2023_06:54_AM_94.5},
0.0583,OTTER BANK F/V,228425700,FRA,TRAWLERS,TORSHAVN,12,41,41,no,2,4.38,10.76,87.2,80.0,0.0832,no,12,2023-09-04T21:22:40,0.162,b17b91951-1c99-a7ee-d930-86a4865e34f0,TFCCTF{228425700_torshavn_04.09.2023_09:22_PM_87.2},
0.0583,YUEHUILAIYU43044,412466982,CHN,TRAWLERS,SHENQUAN,6,52,36,no,3,4.19,7.63,59.3,54.5,0.0808,no,16,2023-09-05T18:29:43,0.1355,eda916f94-43ab-4a60-4efb-6a0fb6dd2451,TFCCTF{412466982_shenquan_05.09.2023_06:29_PM_59.3},
0.0553,YIH HORNG YU NO1,416000676,TWN,TRAWLERS,KAOHSIUNG,13,66,39,no,2,4.9,8.61,78.0,78.7,0.0082,no,13,2023-09-26T06:54:54,0.8135,3ecf1bafd-d21d-70a5-1f8a-7ec18c172cfb,TFCCTF{416000676_kaohsiung_26.09.2023_06:54_AM_78.0},
0.0553,TUNGA,659390000,NAM,TRAWLERS,WALVIS BAY,13,70,34,no,1,7.61,9.09,128.1,130.7,0.0196,no,5,2023-09-29T01:48:09,0.764,49ecc2adb-b099-af29-358e-f8faccbf3227,TFCCTF{659390000_walvis bay_29.09.2023_01:48_AM_128.1},
0.0553,ZAMBEZI,659245000,NAM,TRAWLERS,WALVIS BAY,13,28,19,no,2,6.41,10.09,119.9,125.0,0.0409,no,7,2023-09-01T03:30:00,0.5903,3bde07f86-662d-bc20-5b41-076d567e0fee,TFCCTF{659245000_walvis bay_01.09.2023_03:30_AM_119.9},
0.0553,SILVER ANGEL,316009550,CAN,TRAWLERS,PUBNICO,13,28,15,no,2,9.88,8.21,150.2,137.7,0.0836,no,11,2023-09-11T10:00:19,0.1338,466132b3d-db14-32f1-28c2-6543e4bb5c1e,TFCCTF{316009550_pubnico_11.09.2023_10:00_AM_150.2},
0.0538,YUEHUILAIYU43358,412466397,CHN,TRAWLERS,SHENQUAN,7,43,27,no,3,4.21,9.44,73.6,68.8,0.0656,no,16,2023-09-06T04:49:42,0.3379,55b79e9cc-c843-eb5b-087e-edf887133ffc,TFCCTF{412466397_shenquan_06.09.2023_04:49_AM_73.6},
0.0525,ARGENOVA X,701000950,ARG,TRAWLERS,PUERTO DESEADO,14,136,88,no,2,10.93,9.57,193.8,181.6,0.0629,no,9,2023-09-02T14:43:24,0.3664,a665db779-9536-53d1-836d-0d1df7630434,TFCCTF{701000950_puerto deseado_02.09.2023_02:43_PM_193.8},
0.0525,P0NTA D0 GRAVATA,711616004,,TRAWLERS,RIO GRANDE,14,74,50,no,2,13.18,6.3,153.8,145.0,0.0576,no,14,2023-09-01T04:35:56,0.1805,63ab39c06-6ea1-221b-40b2-620fa30ec7b1,TFCCTF{711616004_rio grande_01.09.2023_04:35_AM_153.8},
0.05,JUAN ALVAREZ,701006059,ARG,TRAWLERS,PUERTO MADRYN,15,148,91,no,2,9.22,8.48,144.9,141.7,0.0219,no,11,2023-09-01T10:35:57,0.6762,45817e754-46d9-142a-6ea8-c773a002b2e8,TFCCTF{701006059_puerto madryn_01.09.2023_10:35_AM_144.9},
0.05,YUEHUILAIYU43571,412466746,CHN,TRAWLERS,SHENQUAN,8,65,44,no,3,4.31,7.37,58.8,58.0,0.0137,no,16,2023-09-06T04:33:11,0.5593,3b9d42b41-1d94-8035-3485-ec502ac36f1a,TFCCTF{412466746_shenquan_06.09.2023_04:33_AM_58.8},
0.05,YUEHUILAIYU48151,412466614,CHN,TRAWLERS,SHENQUAN,8,55,41,no,3,4.08,7.28,55.0,56.7,0.0307,no,16,2023-09-06T04:44:22,0.4371,adb4d308c-c124-6e54-8b8a-dfe29c07c50c,TFCCTF{412466614_shenquan_06.09.2023_04:44_AM_55.0},
0.05,YUEHUILAIYU41005,412466977,CHN,TRAWLERS,SHENQUAN,8,63,47,no,3,4.02,7.14,53.1,49.9,0.0601,no,16,2023-09-06T09:45:02,0.2387,8e8c63e86-6f21-6b3f-1ce0-0dd990a01e44,TFCCTF{412466977_shenquan_06.09.2023_09:45_AM_53.1},
0.05,YUEHUILAIYU43456,412466571,CHN,TRAWLERS,SHENQUAN,8,79,61,no,3,5.37,6.12,60.9,54.9,0.0983,no,16,2023-09-05T17:45:18,0.0067,e8068428a-a0b1-289b-7291-5c0b751f9a57,TFCCTF{412466571_shenquan_05.09.2023_05:45_PM_60.9},
0.0477,HEYKUR,231030000,FRO,TRAWLERS,TOFTIR,16,64,43,no,2,7.32,7.27,98.5,93.2,0.0537,no,6,2023-09-04T04:46:46,0.2899,677a1d194-463d-7c79-c8f5-8593b88b39af,TFCCTF{231030000_toftir_04.09.2023_04:46_AM_98.5},
0.0457,SALVADOR R,701006409,ARG,TRAWLERS,MAR DEL PLATA,17,74,51,no,2,16.46,6.87,209.3,208.4,0.0044,no,9,2023-09-08T07:31:11,0.5178,3e1948598-8f20-eab0-184e-0325bada32a0,TFCCTF{701006409_mar del plata_08.09.2023_07:31_AM_209.3},
0.0437,NANNY BESSIE,316023983,CAN,TRAWLERS,LOUISBURG,10,49,30,no,3,7.9,9.82,143.7,145.9,0.015,no,11,2023-09-09T07:16:07,0.8478,712a8bb75-53b2-e3e1-0c39-4821d497e041,TFCCTF{316023983_louisburg_09.09.2023_07:16_AM_143.7},
0.0437,FALKUR,231031000,FRO,TRAWLERS,TOFTIR,18,51,36,no,2,6.02,8.97,100.0,97.4,0.0257,no,6,2023-09-04T03:36:21,0.6951,2878ed7b9-908a-4097-e2aa-26964ff8017e,TFCCTF{231031000_toftir_04.09.2023_03:36_AM_100.0},
0.0437,ZHEPUYU19226,412422281,CHN,TRAWLERS,NINGBO,10,84,58,no,3,4.28,6.95,55.1,51.5,0.0653,no,12,2023-09-03T18:30:54,0.1935,c3b90c304-4fdb-5618-522f-1b843f8bb5b6,TFCCTF{412422281_ningbo_03.09.2023_06:30_PM_55.1},
0.042,DON GAETANO,701030000,ARG,TRAWLERS,MAR DEL PLATA,19,58,45,no,2,15.74,7.3,212.6,213.4,0.0037,no,10,2023-09-02T12:29:19,0.6094,a1ac1212d-d59b-d352-b4a0-048f0b0b72e6,TFCCTF{701030000_mar del plata_02.09.2023_12:29_PM_212.6},
0.042,CARMELLE 6,316005460,CAN,TRAWLERS,PUBNICO,19,69,44,no,2,11.12,7.04,145.1,140.5,0.0317,no,9,2023-09-02T11:54:14,0.3956,dd3c946d6-64ed-5f36-41bb-35d86bc897da,TFCCTF{316005460_pubnico_02.09.2023_11:54_AM_145.1},
0.0412,DOM LUCAS S,9121314,,TRAWLERS,ITAJAI,11,50,39,no,3,4.69,7.4,64.3,62.7,0.0251,no,9,2023-09-02T00:26:27,0.4908,6ead13640-0bba-b82b-944f-ec196e50d12d,TFCCTF{9121314_itajai_02.09.2023_12:26_AM_64.3},
0.0412,BAQUEIRO,224324000,ESP,TRAWLERS,CASTLETOWN BEARHAVEN,11,63,39,no,3,9.32,9.55,164.8,176.8,0.0682,no,8,2023-09-04T09:19:06,0.3137,554cb8562-23c2-510a-0686-fd68d007a5c5,TFCCTF{224324000_castletown bearhaven_04.09.2023_09:19_AM_164.8},
0.0389,GUI HE YU 82866,412501087,CHN,TRAWLERS,YANGJIANG,12,62,48,no,3,7.91,6.44,94.3,88.0,0.0673,no,12,2023-09-04T16:33:16,0.1481,3616f04c7-774c-d9bd-b0c4-7a88feaad45e,TFCCTF{412501087_yangjiang_04.09.2023_04:33_PM_94.3},
0.0375,40038,250400442,IRL,TRAWLERS,ZHUHAI,8,55,42,no,2,5.4,11.07,110.8,115.1,0.0378,no,5,2023-09-04T11:41:26,0.579,dfd3507ab-b1af-cd03-653f-9dadb7026885,TFCCTF{250400442_zhuhai_04.09.2023_11:41_AM_110.8},
0.035,FISHER BANK,659275000,NAM,TRAWLERS,WALVIS BAY,14,55,19,no,3,7.0,9.77,126.6,125.1,0.0112,no,10,2023-09-01T04:27:43,0.8854,e04691b47-73aa-3d8a-5261-b838d8bbba9a,TFCCTF{659275000_walvis bay_01.09.2023_04:27_AM_126.6},
0.035,ARBUMASA X,701000720,ARG,TRAWLERS,PUERTO DESEADO,14,110,66,no,3,13.84,9.24,236.9,234.3,0.0106,no,9,2023-09-02T01:30:06,0.862,57063c950-0272-9fea-9475-f0344f27438e,TFCCTF{701000720_puerto deseado_02.09.2023_01:30_AM_236.9},
0.035,KOMUKANDI,659218000,NAM,TRAWLERS,WALVIS BAY,14,106,56,no,3,6.75,9.06,113.2,120.2,0.0582,no,9,2023-09-01T01:13:14,0.3951,2c072db60-0d00-c4f4-91ce-9c19be9a9c22,TFCCTF{659218000_walvis bay_01.09.2023_01:13_AM_113.2},
0.0333,ARGENOVA 4,701000549,ARG,TRAWLERS,PUERTO DESEADO,15,154,94,no,3,17.31,8.24,264.1,248.2,0.0604,no,9,2023-09-04T05:36:25,0.3265,b977de2bb-b32d-d7af-18c9-52d71868a6e3,TFCCTF{701000549_puerto deseado_04.09.2023_05:36_AM_264.1},
0.0333,LULAIZHOUYU66077,412330986,CHN,TRAWLERS,LUSHAN,15,13,13,no,3,5.42,7.05,70.8,67.3,0.0488,no,16,2023-09-13T15:13:52,0.2968,a49f31abe-e231-d457-0bc0-6d231a29bdc2,TFCCTF{412330986_lushan_13.09.2023_03:13_PM_70.8},
0.0323,YUEHUILAIYU41118,412466596,CHN,TRAWLERS,SHENQUAN,7,15,2,no,5,4.82,6.07,54.2,53.9,0.007,no,16,2023-09-06T05:31:29,0.3545,abe609d98-87ae-6a4e-2d6e-87144391d4d1,TFCCTF{412466596_shenquan_06.09.2023_05:31_AM_54.2},
0.0318,OTTERBANK,659285000,NAM,TRAWLERS,WALVIS BAY,16,46,29,no,3,6.55,9.23,112.1,114.4,0.0206,no,9,2023-09-03T05:25:33,0.7655,0780dd65b-bdad-65a8-3006-6b8e38ae4e48,TFCCTF{659285000_walvis bay_03.09.2023_05:25_AM_112.1},
0.0318,ALASKA WARRIOR,338250000,USA,TRAWLERS,DUTCH HARBOR,16,156,102,no,3,12.5,11.73,271.4,260.9,0.0386,no,13,2023-09-04T17:19:52,0.5101,321108bc5-565c-55b5-9117-1f56418e31b4,TFCCTF{338250000_dutch harbor_04.09.2023_05:19_PM_271.4},
0.0318,HOYVIK,231020000,FRO,TRAWLERS,FUGLAFJORDUR,16,51,33,no,3,10.75,11.5,229.1,207.0,0.0967,no,6,2023-09-01T21:26:50,0.0284,8b9d1f16f-f39a-25bc-186c-42749b04aff3,TFCCTF{231020000_fuglafjordur_01.09.2023_09:26_PM_229.1},
0.0304,LAXE DOS,659432000,NAM,TRAWLERS,WALVIS BAY,17,85,43,no,3,8.41,8.53,133.0,144.3,0.0785,no,7,2023-09-01T17:53:50,0.188,624a56b53-3be8-410c-c746-aaee7967b8a0,TFCCTF{659432000_walvis bay_01.09.2023_05:53_PM_133.0},
0.0292,CAPE ROSEWAY,316005601,CAN,TRAWLERS,PUBNICO,18,46,33,no,3,9.23,8.16,139.4,140.4,0.0069,no,11,2023-09-01T10:16:42,0.7525,2b16003f8-8a10-d2f4-0e05-e55a423749a0,TFCCTF{316005601_pubnico_01.09.2023_10:16_AM_139.4},
0.0292,MARIA LILIANA,701000645,ARG,TRAWLERS,PUERTO MADRYN,12,139,89,no,4,9.08,9.51,159.9,147.9,0.0747,no,12,2023-09-01T22:03:13,0.2487,0daa94a5e-eb73-7aea-d2dc-2ffc33723dcd,TFCCTF{701000645_puerto madryn_01.09.2023_10:03_PM_159.9},
0.0262,MARA I,701000649,ARG,TRAWLERS,PUERTO MADRYN,14,135,85,no,2,17.52,8.64,280.4,263.6,0.06,no,5,2023-09-02T06:48:28,0.3561,0620b905b-bd8f-dbac-a3ed-81ac78afd958,TFCCTF{701000649_puerto madryn_02.09.2023_06:48_AM_280.4},
0.0262,ZHUXIANG1667,412461058,CHN,TRAWLERS,HONGKONG,14,56,41,no,4,5.19,6.05,58.2,55.9,0.0395,no,12,2023-09-04T12:44:04,0.2281,5d1ff67dc-c520-ee1a-70e9-c5505f9fcfb8,TFCCTF{412461058_hongkong_04.09.2023_12:44_PM_58.2},
0.0262,BIRGITTE L349,219024698,DNK,TRAWLERS,HVIDE SANDE,14,51,22,no,4,9.81,6.29,114.3,108.3,0.0527,no,12,2023-09-01T04:37:22,0.2,30be41251-1848-fc02-54d1-9bbfc6d0e475,TFCCTF{219024698_hvide sande_01.09.2023_04:37_AM_114.3},
0.0259,MFV DEBORAH,205162000,BEL,TRAWLERS,THYBORON,21,95,78,no,3,6.91,10.31,132.0,125.6,0.0485,no,10,2023-09-01T15:03:41,0.5121,d8ef6bcc4-4a35-e37f-e90d-66fe318388ab,TFCCTF{205162000_thyboron_01.09.2023_03:03_PM_132.0},
0.0241,UK2 ADRIAANTJE,244381000,NLD,TRAWLERS,THYBORON,23,109,69,no,3,6.28,8.93,103.9,97.3,0.0634,no,13,2023-09-04T10:52:02,0.3408,79a134942-2de5-dc8b-02a3-eef887e02c85,TFCCTF{244381000_thyboron_04.09.2023_10:52_AM_103.9},
0.0233,HUAFENG881,701152000,ARG,TRAWLERS,PUERTO MADRYN,24,94,59,no,3,9.92,8.66,159.1,158.3,0.0048,no,10,2023-09-03T08:22:01,0.8513,cdc06b30a-ac7e-25f4-0753-121dec2bc068,TFCCTF{701152000_puerto madryn_03.09.2023_08:22_AM_159.1},
0.0202,ZOGI,659010000,NAM,TRAWLERS,WALVIS BAY,7,14,7,no,4,7.95,7.82,115.2,114.9,0.0028,no,4,2023-09-02T06:39:31,0.7225,77842c62f-f065-a9b2-924c-ebc5f22056a4,TFCCTF{659010000_walvis bay_02.09.2023_06:39_AM_115.2},
0.0181,MARIA GLORIA,701006341,ARG,TRAWLERS,MAR DEL PLATA,23,49,28,no,4,12.05,9.5,212.2,210.4,0.0085,no,11,2023-09-01T10:49:30,0.9014,22ff4df68-8b03-446a-ad0e-c2fd833069a8,TFCCTF{701006341_mar del plata_01.09.2023_10:49_AM_212.2},
0.0181,LISBETH FRICH,219015103,DNK,TRAWLERS,THYBORON,23,56,38,no,4,5.03,6.4,59.6,62.8,0.0503,no,12,2023-09-03T13:08:49,0.2211,9bea41dc3-31c7-b575-43ea-05bab094b47b,TFCCTF{219015103_thyboron_03.09.2023_01:08_PM_59.6},
0.0175,RI457 KIRSTEN FJORD,219793000,DNK,TRAWLERS,HVIDE SANDE,24,30,15,no,4,7.02,8.67,112.7,108.7,0.0349,no,17,2023-09-04T05:56:19,0.5822,a669c93c0-0a7f-0946-7ac9-9960ad3c4b73,TFCCTF{219793000_hvide sande_04.09.2023_05:56_AM_112.7},
0.0175,HARVEST GAVINA,601232000,ZAF,TRAWLERS,SALDANHA BAY,24,91,57,no,4,6.41,12.03,142.7,131.9,0.0762,no,13,2023-09-01T05:40:51,0.1842,5e759fd6b-b6dd-9175-c5fa-5acab04f9de6,TFCCTF{601232000_saldanha bay_01.09.2023_05:40_AM_142.7},
0.0169,HARVEST SELINA,601224000,ZAF,TRAWLERS,SALDANHA BAY,25,96,57,no,4,5.01,8.28,76.8,78.7,0.0244,no,13,2023-09-02T07:46:41,0.6288,7db8ab43d-d64a-647f-e8af-5acf92f6a557,TFCCTF{601224000_saldanha bay_02.09.2023_07:46_AM_76.8},
0.0159,BEITIR NK-123,251407000,ISL,TRAWLERS,NESKAUPSTADUR,27,62,49,no,4,4.14,12.53,96.2,86.8,0.0974,no,12,2023-09-06T00:41:27,0.0177,506ac165c-c19c-1d64-d9b2-9c52bd92c088,TFCCTF{251407000_neskaupstadur_06.09.2023_12:41_AM_96.2},
0.0146,TRONDUR I GOETU,231036000,FRO,TRAWLERS,FUGLAFJORDUR,30,35,13,no,4,17.13,8.53,270.6,262.4,0.0303,no,13,2023-09-03T18:03:14,0.6083,88d8a1194-44e0-9406-0095-756b9c0269b0,TFCCTF{231036000_fuglafjordur_03.09.2023_06:03_PM_270.6},
0.014,ZHU WAN 3938,412480743,CHN,TRAWLERS,HONGKONG,24,59,44,no,5,4.11,6.99,53.2,50.2,0.0551,no,10,2023-09-04T14:34:18,0.2549,e24d1641f-f9f0-f6f6-7b71-8af2196e5ae1,TFCCTF{412480743_hongkong_04.09.2023_02:34_PM_53.2},
0.0135,HARVEST KROTOA,601512000,ZAF,TRAWLERS,SALDANHA BAY,25,121,94,no,5,4.77,9.91,87.4,86.8,0.007,no,13,2023-09-01T20:51:09,0.929,4da1fe675-5ec0-139d-ed51-1be43d70db98,TFCCTF{601512000_saldanha bay_01.09.2023_08:51_PM_87.4},
0.013,POPA,701000964,ARG,TRAWLERS,MAR DEL PLATA,21,68,54,no,3,7.76,8.65,124.4,118.0,0.0514,no,4,2023-09-08T22:20:40,0.4337,0cbaae345-554e-c06d-5c6b-80a5a805cb00,TFCCTF{701000964_mar del plata_08.09.2023_10:20_PM_124.4},
0.0094,ALLOTF 3,242926000,MAR,TRAWLERS,DAKHLA,22,52,13,no,8,9.55,7.24,128.0,119.9,0.0635,no,7,2023-09-01T08:17:24,0.2266,2d2b10537-74da-cea1-0475-b5ce56a336a2,TFCCTF{242926000_dakhla_01.09.2023_08:17_AM_128.0},
0.007,LONNOY,242589300,MAR,TRAWLERS,DAKHLA,37,132,96,no,7,8.17,6.74,101.9,100.3,0.0163,no,6,2023-09-02T10:39:21,0.4309,a6160fc28-805a-a26b-45b2-27fb80d130b6,TFCCTF{242589300_dakhla_02.09.2023_10:39_AM_101.9},
0.0065,ASSAADI,242191100,MAR,TRAWLERS,DAKHLA,40,175,119,no,7,6.73,10.2,127.1,116.9,0.0803,no,7,2023-09-01T05:01:25,0.1962,2ccb0e4a5-51d0-150f-24aa-66c0c789136b,TFCCTF{242191100_dakhla_01.09.2023_05:01_AM_127.1},
0.0052,F.V. COOK CANYON,512000842,NZL,TRAWLERS,GREYMOUTH,34,124,90,no,10,18.3,7.15,242.2,238.7,0.0143,no,14,2023-09-01T20:51:07,0.5154,1cf65b2bc-c109-65d9-8e27-3f0e87c1553e,TFCCTF{512000842_greymouth_01.09.2023_08:51_PM_242.2},
0.0052,HM 110 ROSA LINE,219005878,DNK,TRAWLERS,HANSTHOLM,31,30,7,no,11,4.81,6.6,58.8,60.7,0.0309,no,13,2023-09-01T03:25:03,0.335,0f2e34723-3e1d-b20d-51d4-185519ec77bd,TFCCTF{219005878_hanstholm_01.09.2023_03:25_AM_58.8},
0.005,ARCTICEXPLORER,367108570,USA,TRAWLERS,AKUTAN,36,31,4,no,10,6.19,7.21,82.6,80.6,0.0241,no,14,2023-09-01T05:05:14,0.4668,cdbffdff6-6a4c-e776-10a7-29a56dcc13fd,TFCCTF{367108570_akutan_01.09.2023_05:05_AM_82.6},
0.0042,DAWN,367181980,USA,TRAWLERS,KODIAK,56,77,77,no,4,4.45,6.06,49.9,47.3,0.0524,no,4,2023-09-05T23:13:04,0.1802,4626ffaf7-70cd-ecb6-eb1c-1bcb0fed8bb6,TFCCTF{367181980_kodiak_05.09.2023_11:13_PM_49.9},
0.0039,PACIFIC VIKING,303428000,USA,TRAWLERS,AKUTAN,61,49,32,no,8,4.87,7.68,69.3,63.1,0.0893,no,13,2023-09-02T07:41:31,0.0764,4c49f018d-dd77-5ba8-678d-fd6fa4134af9,TFCCTF{303428000_akutan_02.09.2023_07:41_AM_69.3},
0.0037,HM74 OESTERSTRAND,219787000,DNK,TRAWLERS,HANSTHOLM,38,49,18,no,13,4.17,7.23,55.8,58.7,0.05,no,16,2023-09-04T01:45:07,0.3093,b3cae7c74-475b-ec46-b2d3-6c478cd6a436,TFCCTF{219787000_hanstholm_04.09.2023_01:45_AM_55.8},
0.0036,RONIDA,512002264,NZL,TRAWLERS,TIMARU,43,72,52,no,12,4.88,6.82,61.7,67.7,0.0881,no,6,2023-09-06T17:00:32,0.0631,363c9a7f3-37af-24d6-cd5f-3385b91e3112,TFCCTF{512002264_timaru_06.09.2023_05:00_PM_61.7},
0.0027,NICHOLE,367556830,USA,TRAWLERS,KODIAK,59,86,75,no,12,4.23,6.08,47.7,45.8,0.041,no,7,2023-09-05T22:34:47,0.2262,0dd6d3f1c-c7a1-9941-04a4-78ac52c15b48,TFCCTF{367556830_kodiak_05.09.2023_10:34_PM_47.7},
0.0022,SOVEREIGNTY,366899520,USA,TRAWLERS,AKUTAN,72,56,30,no,12,4.02,8.88,66.1,62.8,0.05,no,11,2023-09-02T12:13:29,0.4621,3740893ee-e0e5-d8e7-d180-3f138ae4bf3f,TFCCTF{366899520_akutan_02.09.2023_12:13_PM_66.1},
